Rank,Name,Age,Net_Worth,Income Source,Residence,Citizenship,Marital Status,Children,Education,Image,Profile Link
1 ,Mukesh Ambani,65,$94.1B,diversified,"Mumbai, India",India,Married,3,"Drop Out, Stanford University; Bachelor of Science in Engineering, University of Mumbai",https://specials-images.forbesimg.com/imageserve/5c7d7829a7ea434b351ba0b6/832x832.jpg?background=000000&cropX1=206&cropX2=2043&cropY1=250&cropY2=2089,https://www.forbes.com//profile/mukesh-ambani/?list=india-billionaires
2 ,Gautam Adani,60,$74.8B,"commodities, infrastructure, Self Made","Ahmedabad, India",India,Married,2,,https://specials-images.forbesimg.com/imageserve/6247592b253b5292622b15f6/832x832.jpg?background=000000&cropX1=403&cropX2=2372&cropY1=70&cropY2=2041,https://www.forbes.com//profile/gautam-adani/?list=india-billionaires
3 ,Shiv Nadar,77,$22.4B,"software services, Self Made","Delhi, India",India,Married,1,"Bachelor of Arts/Science, PSG College of Technology",https://specials-images.forbesimg.com/imageserve/605e2b0c7cd0a7025abd3e15/832x832.jpg?background=000000&cropX1=0&cropX2=1080&cropY1=0&cropY2=1080,https://www.forbes.com//profile/shiv-nadar/?list=india-billionaires
4 ,Radhakishan Damani,67,$29.4B,"retail, investments, Self Made","Mumbai, India",India,Married,3,,https://specials-images.forbesimg.com/imageserve/59d3d5c431358e542c0344ae/832x832.jpg?background=000000&cropX1=765&cropX2=2549&cropY1=102&cropY2=1887,https://www.forbes.com//profile/radhakishan-damani/?list=india-billionaires
5 ,Cyrus Poonawalla,81,$21.5B,vaccines,"Pune, India",India,Widowed,1,"Bachelor of Arts/Science, Pune University; Doctorate, Pune University",https://specials-images.forbesimg.com/imageserve/5e76844210380d0006fbb391/832x832.jpg?background=000000&cropX1=807&cropX2=2216&cropY1=4&cropY2=1412,https://www.forbes.com//profile/cyrus-poonawalla/?list=india-billionaires
6 ,Lakshmi Mittal,72,$14.4B,steel,"London, United Kingdom",India,Married,2,"Bachelor of Arts/Science, St Xavier's College Calcutta",https://specials-images.forbesimg.com/imageserve/5e76907e10380d0006fbb485/832x832.jpg?background=000000&cropX1=207&cropX2=1974&cropY1=137&cropY2=1904,https://www.forbes.com//profile/lakshmi-mittal/?list=india-billionaires
7 ,Savitri Jindal,72,$17.2B,steel,"Hisar, India",India,Widowed,9,,https://specials-images.forbesimg.com/imageserve/55f77874e4b0ffa7afe4940e/832x832.jpg?background=000000&cropX1=90&cropX2=676&cropY1=53&cropY2=640,https://www.forbes.com//profile/savitri-jindal/?list=india-billionaires
8 ,Uday Kotak,63,$14.8B,"banking, Self Made","Mumbai, India",India,Married,2,"Bachelor of Arts/Science, University of Mumbai; Master of Business Administration, University of Mumbai",https://specials-images.forbesimg.com/imageserve/59d3d4884bbe6f37dd9fe8da/832x832.jpg?background=000000&cropX1=371&cropX2=1981&cropY1=444&cropY2=2055,https://www.forbes.com//profile/uday-kotak/?list=india-billionaires
9 ,Pallonji Mistry,construction,$16.4B,Ireland,4,,,,,https://specials-images.forbesimg.com/imageserve/222dbe79a423261046cbdb42ac70e16b/832x832.jpg?background=000000&cropX1=3&cropX2=744&cropY1=3&cropY2=744,https://www.forbes.com//profile/pallonji-mistry/?list=india-billionaires
10 ,Kumar Birla,55,$15.5B,commodities,"Mumbai, India",India,Married,3,"Master of Business Administration, London Business School; Bachelor of Arts/Science, University of Mumbai",https://specials-images.forbesimg.com/imageserve/5e768fdec7b02d000666cfa6/832x832.jpg?background=000000&cropX1=614&cropX2=1271&cropY1=164&cropY2=821,https://www.forbes.com//profile/kumar-birla/?list=india-billionaires
11 ,Godrej family,"consumer goods, real estate",$15.2B,"Mumbai, India",India,,,,,https://specials-images.forbesimg.com/imageserve/61572ecfe607209af825edf2/832x832.jpg?background=000000&cropX1=0&cropX2=2061&cropY1=107&cropY2=2168,https://www.forbes.com//profile/godrej/?list=india-billionaires
12 ,Sunil Mittal,64,$14.7B,"telecom, Self Made","Delhi, India",India,Married,3,"Bachelor of Arts/Science, Punjab University",https://specials-images.forbesimg.com/imageserve/61572f6aff2e22d56fabfa8a/832x832.jpg?background=000000&cropX1=1067&cropX2=3993&cropY1=0&cropY2=2928,https://www.forbes.com//profile/sunil-mittal/?list=india-billionaires
13 ,Bajaj Family,diversified,$14.4B,"Pune, India",India,,,,,https://specials-images.forbesimg.com/imageserve/5d9e687f4223bf0006b81bd1/832x832.jpg?background=000000&cropX1=634&cropX2=3325&cropY1=6&cropY2=2699,https://www.forbes.com//profile/bajaj-family/?list=india-billionaires
14 ,Dilip Shanghvi,66,$14.3B,"pharmaceuticals, Self Made","Mumbai, India",India,Married,2,"Bachelor of Arts/Science, Calcutta University",https://specials-images.forbesimg.com/imageserve/5e768676c7b02d000666cf62/832x832.jpg?background=000000&cropX1=626&cropX2=3084&cropY1=1331&cropY2=3790,https://www.forbes.com//profile/dilip-shanghvi-1/?list=india-billionaires
15 ,Hinduja brothers,diversified,$13.8B,"London, United Kingdom",United Kingdom,,,,,https://specials-images.forbesimg.com/imageserve/5c7269a031358e35dd2701d6/832x832.jpg?background=000000&cropX1=771&cropX2=3428&cropY1=11&cropY2=2667,https://www.forbes.com//profile/hinduja/?list=india-billionaires
16 ,Burman family,consumer goods,$11.8B,"Delhi, India",India,,,,,https://specials-images.forbesimg.com/imageserve/5d9f728667dd830006a326ac/832x832.jpg?background=000000&cropX1=935&cropX2=2212&cropY1=0&cropY2=1278,https://www.forbes.com//profile/burman/?list=india-billionaires
17 ,Madhukar Parekh,76,$11.7B,adhesives,"Mumbai, India",India,Married,2,"Bachelor of Science in Engineering, University of Mumbai; Master of Science, University of Wisconsin",https://specials-images.forbesimg.com/imageserve/eed05cdec4b6c636687759993c8c5c83/832x832.jpg?background=000000&cropX1=3&cropX2=372&cropY1=11&cropY2=380,https://www.forbes.com//profile/madhukar-parekh/?list=india-billionaires
18 ,Azim Premji,77,$8.6B,software services,"Bangalore, India",India,Married,2,"Bachelor of Arts/Science, Stanford University",https://specials-images.forbesimg.com/imageserve/5d9f474b793bd50006ea40f3/832x832.jpg?background=000000&cropX1=1337&cropX2=2828&cropY1=103&cropY2=1594,https://www.forbes.com//profile/azim-premji/?list=india-billionaires
19 ,Murali Divi,71,$6.4B,"pharmaceuticals, Self Made","Hyderabad, India",India,Married,2,,https://specials-images.forbesimg.com/imageserve/5c79ad2d31358e35dd27cd1a/832x832.jpg?background=000000&cropX1=1161&cropX2=2628&cropY1=804&cropY2=2271,https://www.forbes.com//profile/murali-divi/?list=india-billionaires
20 ,Benu Gopal Bangur,91,$7.1B,cement,"Kolkata, India",India,Widowed,2,"Bachelor of Arts/Science, Calcutta University",https://specials-images.forbesimg.com/imageserve/a2452fb4fb9048a14be1e743af0f06bc/832x832.jpg?background=000000&cropX1=24&cropX2=721&cropY1=0&cropY2=698,https://www.forbes.com//profile/benu-gopal-bangur/?list=india-billionaires
21 ,Kuldip Singh & Gurbachan Singh Dhingra,"paints, Self Made",$9.4B,"Delhi, India",India,Married,"Bachelor of Arts/Science, Delhi University",,,https://specials-images.forbesimg.com/imageserve/9d847c68baaab474610d6f09e72d3aff/832x832.jpg?background=000000&cropX1=0&cropX2=744&cropY1=300&cropY2=1044,https://www.forbes.com//profile/kuldip-singh-gurbachan-singh-dhingra/?list=india-billionaires
22 ,Ashwin Dani,79,$8.6B,paints,"Mumbai, India",India,Married,3,"Master of Science, University of Akron; Bachelor of Arts/Science, University of Mumbai",https://specials-images.forbesimg.com/imageserve/5d9f4aba793bd50006ea41fc/832x832.jpg?background=000000&cropX1=11&cropX2=1246&cropY1=16&cropY2=1252,https://www.forbes.com//profile/ashwin-dani/?list=india-billionaires
23 ,Kushal Pal Singh,91,$9.5B,real estate,"Delhi, India",India,Widowed,3,"Bachelor of Arts/Science, Delhi University",https://specials-images.forbesimg.com/imageserve/56ca6a42e4b062f6b59a3447/832x832.jpg?background=000000&cropX1=8&cropX2=744&cropY1=232&cropY2=968,https://www.forbes.com//profile/kushal-pal-singh/?list=india-billionaires
24 ,Vinod & Anil Rai Gupta,electrical equipment,$7.6B,"Delhi, India",India,,,,,https://specials-images.forbesimg.com/imageserve/6157595ff27ca15790ca2f35/832x832.jpg?background=000000&cropX1=1020&cropX2=2922&cropY1=24&cropY2=1926,https://www.forbes.com//profile/vinod-anil-rai-gupta-1/?list=india-billionaires
25 ,Sudhir & Samir Mehta,"pharmaceuticals, power",$7.1B,"Ahmedabad, India",India,"Bachelor of Arts/Science, Gujarat University",,,,https://specials-images.forbesimg.com/imageserve/5abba482a7ea432fbc1d5d2a/832x832.jpg?background=000000&cropX1=1748&cropX2=4571&cropY1=233&cropY2=3058,https://www.forbes.com//profile/sudhir-samir-mehta/?list=india-billionaires
26 ,Mahendra Choksi,81,$6.7B,paints,"Mumbai, India",India,Married,2,"Bachelor of Engineering, University of Mumbai; Master of Science, University of Mumbai",https://specials-images.forbesimg.com/imageserve/61575ab3ecee9a05d3ca2f37/832x832.jpg?background=000000&cropX1=0&cropX2=2472&cropY1=160&cropY2=2633,https://www.forbes.com//profile/mahendra-choksi/?list=india-billionaires
27 ,Hasmukh Chudgar,88,$6.5B,"pharmaceuticals, Self Made","Ahmedabad, India",India,Married,3,,https://specials-images.forbesimg.com/imageserve/6050f48ca1ab099ed6e290cc/832x832.jpg?background=000000&cropX1=0&cropX2=800&cropY1=0&cropY2=800,https://www.forbes.com//profile/hasmukh-chudgar/?list=india-billionaires
28 ,"Girdhari Lal Bawri, Rajendra Agarwal and Banwari Lal Bawri","pharmaceuticals, Self Made",$6.5B,"Mumbai, India",India,,,,,https://specials-images.forbesimg.com/imageserve/61576134e624cb8ac233bc40/832x832.jpg?background=000000&cropX1=49&cropX2=1058&cropY1=94&cropY2=1103,https://www.forbes.com//profile/girdhari-lal-bawri-rajendra-agarwal-and-banwari-lal-bawri/?list=india-billionaires
29 ,Muthoot family,financial services,$6.4B,"Delhi, India",India,,,,,https://specials-images.forbesimg.com/imageserve/61575d417f2b1a244eca2f35/832x832.jpg?background=000000&cropX1=1251&cropX2=5760&cropY1=0&cropY2=4506,https://www.forbes.com//profile/muthoot/?list=india-billionaires
30 ,Harsh Mariwala,71,$6.3B,consumer goods,"Mumbai, India",India,Married,2,,https://specials-images.forbesimg.com/imageserve/6157627b3715ab13d933bc40/832x832.jpg?background=000000&cropX1=0&cropX2=1367&cropY1=205&cropY2=1571,https://www.forbes.com//profile/harsh-mariwala-1/?list=india-billionaires
31 ,Abhay Vakil,paints,$6.25B,India,3,"Bachelor of Arts/Science, Syracuse University; Bachelor of Arts/Science, University of Mumbai",,,,https://specials-images.forbesimg.com/imageserve/6157635dd988af4f81235c55/832x832.jpg?background=000000&cropX1=0&cropX2=1967&cropY1=284&cropY2=2252,https://www.forbes.com//profile/abhay-vakil/?list=india-billionaires
32 ,Pankaj Patel,69,$3.9B,pharmaceuticals,"Ahmedabad, India",India,Married,2,"Bachelor of Arts/Science, Gujarat University; Master of Science, Gujarat University",https://specials-images.forbesimg.com/imageserve/59cc2248a7ea434a34f46dd8/832x832.jpg?background=000000&cropX1=0&cropX2=1200&cropY1=185&cropY2=1386,https://www.forbes.com//profile/pankaj-patel/?list=india-billionaires
33 ,Kapil & Rahul Bhatia,"airlines, Self Made",$5B,"Delhi, India",India,"Bachelor of Science in Engineering, University of Waterloo",,,,https://specials-images.forbesimg.com/imageserve/6157649479b0f77ba4235c55/832x832.jpg?background=000000&cropX1=864&cropX2=3437&cropY1=0&cropY2=2573,https://www.forbes.com//profile/kapil-rahul-bhatia/?list=india-billionaires
34 ,Singh family,pharmaceuticals,$5.65B,"Mumbai, India",India,,,,,https://specials-images.forbesimg.com/imageserve/615765e9449ba9a97e235c55/832x832.jpg?background=000000&cropX1=191&cropX2=2376&cropY1=118&cropY2=2305,https://www.forbes.com//profile/singh/?list=india-billionaires
35 ,Vikram Lal,80,$6B,motorcycles,"Delhi, India",India,Married,3,,https://specials-images.forbesimg.com/imageserve/6050f48ca1ab099ed6e290cc/832x832.jpg?background=000000&cropX1=0&cropX2=800&cropY1=0&cropY2=800,https://www.forbes.com//profile/vikram-lal/?list=india-billionaires
36 ,Rakesh Jhunjhunwala,"investments, Self Made",$5.5B,India,3,"Chartered Accountant, The Institute of Chartered Accountants of India; B.Com, University of Mumbai",,,,https://specials-images.forbesimg.com/imageserve/5bad50cea7ea4342a948e250/832x832.jpg?background=000000&cropX1=1355&cropX2=3450&cropY1=105&cropY2=2198,https://www.forbes.com//profile/rakesh-jhunjhunwala/?list=india-billionaires
37 ,Ajay Piramal,67,$2.7B,pharmaceuticals,"Mumbai, India",India,Married,2,"Bachelor of Arts/Science, University of Mumbai; Master of Business Administration, University of Mumbai",https://specials-images.forbesimg.com/imageserve/5e765d3810380d0006fbb1a9/832x832.jpg?background=000000&cropX1=648&cropX2=1642&cropY1=68&cropY2=1061,https://www.forbes.com//profile/ajay-piramal/?list=india-billionaires
38 ,M.A. Yusuff Ali,66,$5B,"retail, Self Made","Abu Dhabi, United Arab Emirates",India,Married,3,,https://specials-images.forbesimg.com/imageserve/5d9f4c3a67dd830006a3211e/832x832.jpg?background=000000&cropX1=669&cropX2=1625&cropY1=281&cropY2=1238,https://www.forbes.com//profile/ma-yusuff-ali/?list=india-billionaires
39 ,Shyam & Hari Bhartia,69,$4.95B,diversified,"Delhi, India",India,Married,2,,https://specials-images.forbesimg.com/imageserve/5d9f5bb64223bf0006b82a18/832x832.jpg?background=000000&cropX1=324&cropX2=1762&cropY1=7&cropY2=1444,https://www.forbes.com//profile/shyam-hari-bhartia/?list=india-billionaires
40 ,Ravi Jaipuria,67,$8B,"soft drinks, fast food","Delhi, India",India,Married,2,,https://specials-images.forbesimg.com/imageserve/61576dd5657c72d8c6ca2f35/832x832.jpg?background=000000&cropX1=0&cropX2=377&cropY1=0&cropY2=377,https://www.forbes.com//profile/ravi-jaipuria/?list=india-billionaires
41 ,Murugappa Family,diversified,$4.7B,"Chennai, India",India,,,,,https://specials-images.forbesimg.com/imageserve/5bb615de31358e4b20812565/832x832.jpg?background=000000&cropX1=0&cropX2=3164&cropY1=113&cropY2=3276,https://www.forbes.com//profile/murugappa-family/?list=india-billionaires
42 ,Mangal Prabhat Lodha,66,$4.6B,"real estate, Self Made","Mumbai, India",India,Married,2,,https://specials-images.forbesimg.com/imageserve/5e76921dc7b02d000666cfcc/832x832.jpg?background=000000&cropX1=364&cropX2=1902&cropY1=187&cropY2=1726,https://www.forbes.com//profile/mangal-prabhat-lodha/?list=india-billionaires
43 ,Leena Tewari,65,$3.7B,pharmaceuticals,"Mumbai, India",India,Married,2,"Master of Business Administration, Boston University; B.Com, University of Mumbai",https://specials-images.forbesimg.com/imageserve/6050f48ca1ab099ed6e290cc/832x832.jpg?background=000000&cropX1=0&cropX2=800&cropY1=0&cropY2=800,https://www.forbes.com//profile/leena-tewari/?list=india-billionaires
44 ,N.R. Narayana Murthy,76,$4.6B,"software services, Self Made","Bangalore, India",India,Married,2,"Master of Science, Indian Institute of Technology",https://specials-images.forbesimg.com/imageserve/5e769955c7b02d000666d027/832x832.jpg?background=000000&cropX1=1797&cropX2=2798&cropY1=870&cropY2=1870,https://www.forbes.com//profile/nr-narayana-murthy/?list=india-billionaires
45 ,Nusli Wadia,78,$3.6B,consumer goods,"Mumbai, India",India,Married,2,,https://specials-images.forbesimg.com/imageserve/61577562cdbe90edf1235c55/832x832.jpg?background=000000&cropX1=0&cropX2=1684&cropY1=369&cropY2=2053,https://www.forbes.com//profile/nusli-wadia/?list=india-billionaires
46 ,Karsanbhai Patel,78,$3B,"consumer goods, Self Made","Ahmedabad, India",India,Married,3,,https://specials-images.forbesimg.com/imageserve/5c79a9284bbe6f0e1f1f6878/832x832.jpg?background=000000&cropX1=1022&cropX2=2137&cropY1=280&cropY2=1396,https://www.forbes.com//profile/karsanbhai-patel/?list=india-billionaires
47 ,Byju Raveendran and Divya Gokulnath,42,$4.05B,"edtech, Self Made","Bangalore, India",India,Married,2,,https://specials-images.forbesimg.com/imageserve/615776df814f16d292235c55/832x832.jpg?background=000000&cropX1=0&cropX2=3313&cropY1=0&cropY2=3313,https://www.forbes.com//profile/byju-raveendran-and-divya-gokulnath-1/?list=india-billionaires
48 ,Senapathy Gopalakrishnan,67,$3.4B,"software services, Self Made","Bangalore, India",India,Married,1,"Master of Science, Indian Institute of Technology",https://specials-images.forbesimg.com/imageserve/5e76a94ed8e1ae0007b724cc/832x832.jpg?background=000000&cropX1=239&cropX2=1918&cropY1=59&cropY2=1739,https://www.forbes.com//profile/senapathy-gopalakrishnan/?list=india-billionaires
49 ,Vivek Chaand Sehgal,65,$3.6B,"auto parts, Self Made","Delhi, India",Australia,Married,2,"Bachelor of Arts/Science, Delhi University",https://specials-images.forbesimg.com/imageserve/603eab25a5f320822476aba3/832x832.jpg?background=000000&cropX1=1222&cropX2=2117&cropY1=106&cropY2=1001,https://www.forbes.com//profile/vivek-chaand-sehgal/?list=india-billionaires
50 ,Arvind Poddar,64,$3.97B,tires,"Mumbai, India",India,Married,2,,https://specials-images.forbesimg.com/imageserve/59cc1d9b31358e542c02fcb0/832x832.jpg?background=000000&cropX1=43&cropX2=2087&cropY1=141&cropY2=2185,https://www.forbes.com//profile/arvind-poddar-1/?list=india-billionaires
51 ,Yusuf Hamied,86,$3.95B,pharmaceuticals,"Mumbai, India",India,Married,"Master of Science, Cambridge University; Ph.D, Cambridge University",,https://specials-images.forbesimg.com/imageserve/58a2300631358e1a35ab4f8f/832x832.jpg?background=000000&cropX1=116&cropX2=604&cropY1=5&cropY2=493,https://www.forbes.com//profile/yusuf-hamied-1/?list=india-billionaires
52 ,Sanjeev Bikhchandani,59,$3.91B,"internet, Self Made","Delhi, India",India,Married,2,"Master of Business Administration, Indian Institute of Management, Ahmedabad; Bachelor of Arts/Science, St Stephen's College (India)",https://specials-images.forbesimg.com/imageserve/615778eea661dead59ca2f35/832x832.jpg?background=000000&cropX1=1025&cropX2=2688&cropY1=35&cropY2=1698,https://www.forbes.com//profile/sanjeev-bikhchandani-1/?list=india-billionaires
53 ,Kiran Mazumdar-Shaw,69,$2.9B,"biopharmaceuticals, Self Made","Bangalore, India",India,Married,"Bachelor of Arts/Science, Bangalore University; Master of Science, Melbourne University",,https://specials-images.forbesimg.com/imageserve/5deec3bf25ab5d000700aa1a/832x832.jpg?background=000000&cropX1=136&cropX2=637&cropY1=0&cropY2=500,https://www.forbes.com//profile/kiran-mazumdar-shaw/?list=india-billionaires
54 ,Pawan Munjal,68,$3.5B,motorcycles,"Delhi, India",India,Married,3,,https://specials-images.forbesimg.com/imageserve/61577a2fb93d451f20ca2f35/832x832.jpg?background=000000&cropX1=0&cropX2=1683&cropY1=0&cropY2=1683,https://www.forbes.com//profile/pawan-munjal/?list=india-billionaires
55 ,Sridhar Vembu & Siblings,54,$3.75B,"business software, Self Made","Pleasanton, California",India,Married,1,,https://specials-images.forbesimg.com/imageserve/5d9f63374223bf0006b82b0e/832x832.jpg?background=000000&cropX1=606&cropX2=1694&cropY1=237&cropY2=1326,https://www.forbes.com//profile/sridhar-vembu-siblings/?list=india-billionaires
56 ,Salil Singhal,75,$3.65B,agrochemicals,"Delhi, India",India,Married,3,,https://specials-images.forbesimg.com/imageserve/61577aa14e19d73a0a235c57/832x832.jpg?background=000000&cropX1=240&cropX2=977&cropY1=82&cropY2=820,https://www.forbes.com//profile/salil-singhal/?list=india-billionaires
57 ,Inder Jaisinghani,69,$3.6B,"cables & wires, Self Made","Mumbai, India",India,,,,https://specials-images.forbesimg.com/imageserve/61577bf3db6d8e8a91ca2f35/832x832.jpg?background=000000&cropX1=1486&cropX2=2774&cropY1=885&cropY2=2173,https://www.forbes.com//profile/inder-jaisinghani/?list=india-billionaires
58 ,Ramesh Juneja,67,$3.5B,"pharmaceuticals, Self Made","Delhi, India",India,Married,,,https://specials-images.forbesimg.com/imageserve/615c5f88c0f3cc35c238db8e/832x832.jpg?background=000000&cropX1=232&cropX2=1176&cropY1=73&cropY2=1017,https://www.forbes.com//profile/ramesh-juneja/?list=india-billionaires
59 ,Arun Bharat Ram,81,$3.8B,chemicals,"Delhi, India",India,Widowed,3,"Bachelor of Science in Engineering, University of Michigan",https://specials-images.forbesimg.com/imageserve/615b1e38fc9eb8d15779c049/832x832.jpg?background=000000&cropX1=315&cropX2=1943&cropY1=295&cropY2=1922,https://www.forbes.com//profile/arun-bharat-ram/?list=india-billionaires
60 ,Yadu Hari Dalmia,75,$2.3B,cement,"Delhi, India",India,Married,2,"Bachelor of Commerce, Delhi University; Chartered Accountant, Institute of Chartered Accountants of India",https://specials-images.forbesimg.com/imageserve/615b1f1a66f988bcda75d1f6/832x832.jpg?background=000000&cropX1=0&cropX2=1009&cropY1=31&cropY2=1039,https://www.forbes.com//profile/yadu-hari-dalmia/?list=india-billionaires
61 ,Nandan Nilekani,67,$2.9B,"software services, Self Made","Bangalore, India",India,Married,2,"Bachelor of Arts/Science, Indian Institute of Technology",https://specials-images.forbesimg.com/imageserve/5e7696f910380d0006fbb539/832x832.jpg?background=000000&cropX1=980&cropX2=2384&cropY1=1081&cropY2=2484,https://www.forbes.com//profile/nandan-nilekani/?list=india-billionaires
62 ,Micky Jagtiani,70,$3B,retail,"Dubai, United Arab Emirates",India,Married,3,,https://specials-images.forbesimg.com/imageserve/5c707eb54bbe6f65d4665798/832x832.jpg?background=000000&cropX1=237&cropX2=678&cropY1=0&cropY2=441,https://www.forbes.com//profile/micky-jagtiani/?list=india-billionaires
63 ,Anil Agarwal,69,$1.9B,"mining, metals, Self Made","London, United Kingdom",India,Married,2,,https://specials-images.forbesimg.com/imageserve/5bad4b4ba7ea4342a948e153/832x832.jpg?background=000000&cropX1=1474&cropX2=3554&cropY1=126&cropY2=2207,https://www.forbes.com//profile/anil-agarwal/?list=india-billionaires
64 ,Sandeep Engineer,61,$3.22B,"plastic pipes, Self Made","Ahmedabad, India",India,Married,2,,https://specials-images.forbesimg.com/imageserve/615c611f4e6850861675d1fd/832x832.jpg?background=000000&cropX1=0&cropX2=1489&cropY1=0&cropY2=1490,https://www.forbes.com//profile/sandeep-engineer-1/?list=india-billionaires
65 ,Chandru Raheja,81,$3.9B,real estate,"Mumbai, India",India,Married,2,"LLB, University of Mumbai",https://specials-images.forbesimg.com/imageserve/6050f48ca1ab099ed6e290cc/832x832.jpg?background=000000&cropX1=0&cropX2=800&cropY1=0&cropY2=800,https://www.forbes.com//profile/chandru-raheja/?list=india-billionaires
66 ,Abhay Firodia,77,$3B,automobiles,"Pune, India",India,Married,4,,https://specials-images.forbesimg.com/imageserve/5d9f59e9793bd50006ea45cd/832x832.jpg?background=000000&cropX1=411&cropX2=707&cropY1=27&cropY2=323,https://www.forbes.com//profile/abhay-firodia/?list=india-billionaires
67 ,Baba Kalyani,73,$2.7B,engineering,"Pune, India",India,Married,1,"Master of Science, Massachusetts Institute of Technology",https://specials-images.forbesimg.com/imageserve/615b208454b2c7e9a7f49baa/832x832.jpg?background=000000&cropX1=330&cropX2=1268&cropY1=195&cropY2=1132,https://www.forbes.com//profile/baba-kalyani/?list=india-billionaires
68 ,R.G. Chandramogan,73,$2.1B,"dairy, Self Made","Chennai, India",India,Married,2,,https://specials-images.forbesimg.com/imageserve/5a8f033d4bbe6f0fa82645d1/832x832.jpg?background=000000&cropX1=178&cropX2=3434&cropY1=600&cropY2=3859,https://www.forbes.com//profile/rg-chandramogan/?list=india-billionaires
69 ,Reddy Family,pharmaceuticals,$3.01B,"Hyderabad, India",India,,,,,https://specials-images.forbesimg.com/imageserve/5d9f6c234223bf0006b82be0/832x832.jpg?background=000000&cropX1=783&cropX2=3446&cropY1=6&cropY2=2667,https://www.forbes.com//profile/reddy-family/?list=india-billionaires
70 ,Devendra Jain,93,$3B,chemicals,"Delhi, India",India,Married,4,"Bachelor of Arts/Science, Delhi University",https://specials-images.forbesimg.com/imageserve/5c7099aa4bbe6f65d4665b1b/832x832.jpg?background=000000&cropX1=510&cropX2=2248&cropY1=882&cropY2=2621,https://www.forbes.com//profile/devendra-jain/?list=india-billionaires
71 ,Lachhman Das Mittal,91,$2.3B,tractors,"Delhi, India",India,Married,5,"Bachelor of Arts/Science, Punjab University; Master of Arts, Punjab University",https://specials-images.forbesimg.com/imageserve/59cc1536a7ea434a34f46d14/832x832.jpg?background=000000&cropX1=918&cropX2=1964&cropY1=133&cropY2=1180,https://www.forbes.com//profile/lachhman-das-mittal/?list=india-billionaires
72 ,Vijay Chauhan,86,$2.9B,biscuits,"Mumbai, India",India,"Bachelor of Arts/Science, Massachusetts Institute of Technology",,,https://specials-images.forbesimg.com/imageserve/55f8d045e4b0ffa7afe4a002/832x832.jpg?background=000000&cropX1=55&cropX2=707&cropY1=187&cropY2=840,https://www.forbes.com//profile/vijay-chauhan/?list=india-billionaires
73 ,Amalgamations family,tractors,$2.89B,"Chennai, India",India,,,,,https://specials-images.forbesimg.com/imageserve/615b2c6750df12838dfe0d89/832x832.jpg?background=000000&cropX1=29&cropX2=651&cropY1=5&cropY2=627,https://www.forbes.com//profile/amalgamations/?list=india-billionaires
74 ,Ramesh Kumar and Mukand Lal Dua,footwear,$2.85B,"Delhi, India",India,,,,,https://specials-images.forbesimg.com/imageserve/615b2c19945339efb9f49baa/832x832.jpg?background=000000&cropX1=721&cropX2=1165&cropY1=55&cropY2=499,https://www.forbes.com//profile/ramesh-kumar-and-mukand-lal-dua/?list=india-billionaires
75 ,Gupta family,pharmaceuticals,$2.82B,"Mumbai, India",India,,,,,https://specials-images.forbesimg.com/imageserve/59d3d87431358e542c034506/832x832.jpg?background=000000&cropX1=451&cropX2=1695&cropY1=236&cropY2=1480,https://www.forbes.com//profile/gupta/?list=india-billionaires
76 ,Vikas Oberoi,52,$3.5B,real estate,"Mumbai, India",India,Married,2,"Bachelor of Arts/Science, University of Mumbai",https://specials-images.forbesimg.com/imageserve/5d9f5a6d4223bf0006b829d4/832x832.jpg?background=000000&cropX1=210&cropX2=1212&cropY1=7&cropY2=1010,https://www.forbes.com//profile/vikas-oberoi/?list=india-billionaires
77 ,K. Dinesh,68,$2.3B,"software services, Self Made","Bangalore, India",India,Married,2,"Master of Science, Bangalore University",https://specials-images.forbesimg.com/imageserve/5e768d54c7b02d000666cf70/832x832.jpg?background=000000&cropX1=360&cropX2=1263&cropY1=184&cropY2=1087,https://www.forbes.com//profile/k-dinesh/?list=india-billionaires
78 ,Kalanithi Maran,57,$2.5B,"media, Self Made","Chennai, India",India,Married,1,"Master of Business Administration, University of Scranton",https://specials-images.forbesimg.com/imageserve/615b2ce02324216fa0fe0d6d/832x832.jpg?background=000000&cropX1=164&cropX2=1058&cropY1=91&cropY2=986,https://www.forbes.com//profile/kalanithi-maran/?list=india-billionaires
79 ,P.P. Reddy,64,$2.73B,"infrastructure, Self Made","Hyderabad, India",India,,,,https://specials-images.forbesimg.com/imageserve/5c7feb8131358e35dd282c71/832x832.jpg?background=000000&cropX1=1592&cropX2=3377&cropY1=807&cropY2=2591,https://www.forbes.com//profile/pp-reddy-family/?list=india-billionaires
80 ,Sanjiv Goenka,61,$2.4B,diversified,"Kolkata, India",India,Married,2,"Bachelor of Arts/Science, Calcutta University",https://specials-images.forbesimg.com/imageserve/5d9f6b4867dd830006a32602/832x832.jpg?background=000000&cropX1=202&cropX2=1568&cropY1=3&cropY2=1368,https://www.forbes.com//profile/sanjiv-goenka/?list=india-billionaires
81 ,Anurang Jain,60,$2.7B,"auto parts, Self Made","Aurangabad, India",India,Married,2,"Master of Business Administration, University of Pittsburgh",https://specials-images.forbesimg.com/imageserve/5c80010531358e35dd28300b/832x832.jpg?background=000000&cropX1=242&cropX2=552&cropY1=58&cropY2=368,https://www.forbes.com//profile/anurang-jain/?list=india-billionaires
82 ,Rajan Raheja,68,$2.3B,diversified,"Mumbai, India",India,Married,2,"Bachelor of Arts/Science, University of Mumbai",https://specials-images.forbesimg.com/imageserve/58a2210fa7ea431f32196fe6/832x832.jpg?background=000000&cropX1=3&cropX2=724&cropY1=169&cropY2=891,https://www.forbes.com//profile/rajan-raheja/?list=india-billionaires
83 ,Acharya Balkrishna,50,$2.1B,"consumer goods, Self Made","Haridwar, India",India,Single,,,https://specials-images.forbesimg.com/imageserve/5bad43e14bbe6f1f844e9b1c/832x832.jpg?background=000000&cropX1=985&cropX2=2810&cropY1=0&cropY2=1825,https://www.forbes.com//profile/acharya-balkrishna/?list=india-billionaires
84 ,Sunder Genomal,68,$2.63B,garments,"Bangalore, India",United Kingdom,Married,"Master of Science, De La Salle University",,https://specials-images.forbesimg.com/imageserve/5bad508831358e4b20808598/832x832.jpg?background=000000&cropX1=140&cropX2=879&cropY1=135&cropY2=874,https://www.forbes.com//profile/sunder-genomal/?list=india-billionaires
85 ,Harsh Goenka,64,$2B,diversified,"Mumbai, India",India,Married,2,"Bachelor of Arts/Science, Calcutta University; Master of Business Administration, International Institute for Management and Development",https://specials-images.forbesimg.com/imageserve/57d88fc5a7ea430a8a19de14/832x832.jpg?background=000000&cropX1=71&cropX2=491&cropY1=243&cropY2=664,https://www.forbes.com//profile/harsh-goenka/?list=india-billionaires
86 ,Nithin and Nikhil Kamath,"financial services, Self Made",$2.59B,"Bangalore, India",India,,,,,https://specials-images.forbesimg.com/imageserve/615b2dcd2cb12d2415f49baa/832x832.jpg?background=000000&cropX1=603&cropX2=1275&cropY1=129&cropY2=801,https://www.forbes.com//profile/nithin-and-nikhil-kamath/?list=india-billionaires
87 ,Arvind Lal,73,$1.5B,medical diagnostics,"Delhi, India",India,Married,2,,https://specials-images.forbesimg.com/imageserve/615b2e721e985ac48d218a18/832x832.jpg?background=000000&cropX1=349&cropX2=1232&cropY1=123&cropY2=1006,https://www.forbes.com//profile/arvind-lal/?list=india-billionaires
88 ,Prathap Reddy,90,$2.2B,"healthcare, Self Made","Chennai, India",India,Married,4,,https://specials-images.forbesimg.com/imageserve/615b2f37b4c0fe4b4b79c04a/832x832.jpg?background=000000&cropX1=608&cropX2=1064&cropY1=50&cropY2=506,https://www.forbes.com//profile/prathap-reddy/?list=india-billionaires
89 ,Ravi Pillai,69,$2.6B,"construction, Self Made","Dubai, United Arab Emirates",India,Married,2,,https://specials-images.forbesimg.com/imageserve/615b2fcf94e5e17a6379c049/832x832.jpg?background=000000&cropX1=66&cropX2=744&cropY1=66&cropY2=744,https://www.forbes.com//profile/ravi-pillai/?list=india-billionaires
90 ,P.V. Ramprasad Reddy,64,$1.6B,"pharmaceuticals, Self Made","Hyderabad, India",India,Married,2,,https://specials-images.forbesimg.com/imageserve/6050f48ca1ab099ed6e290cc/832x832.jpg?background=000000&cropX1=0&cropX2=800&cropY1=0&cropY2=800,https://www.forbes.com//profile/pv-ramprasad-reddy/?list=india-billionaires
91 ,Jitendra Virwani,56,$1.9B,real estate,"Bangalore, India",India,Married,4,"Bachelor of Commerce, Bangalore University",https://specials-images.forbesimg.com/imageserve/60c0c5b20b71ef1c59aee4a6/832x832.jpg?background=000000&cropX1=71&cropX2=607&cropY1=260&cropY2=797,https://www.forbes.com//profile/jitendra-virwani/?list=india-billionaires
92 ,Vijay Shekhar Sharma,44,$1.1B,"financial technology, Self Made","Delhi, India",India,Married,1,"Bachelor of Science in Engineering, Delhi University",https://specials-images.forbesimg.com/imageserve/615b302450df12838dfe0d8b/832x832.jpg?background=000000&cropX1=1175&cropX2=3771&cropY1=94&cropY2=2688,https://www.forbes.com//profile/vijay-shekhar-sharma/?list=india-billionaires
93 ,Ashok Boob,70,$2.3B,"specialty chemicals, Self Made","Pune, India",India,Married,2,"Bachelor of Science in Engineering, Mumbai University",https://specials-images.forbesimg.com/imageserve/615b30b2e00d8cb2c079c04a/832x832.jpg?background=000000&cropX1=1033&cropX2=2493&cropY1=62&cropY2=1523,https://www.forbes.com//profile/ashok-boob/?list=india-billionaires
94 ,Dilip & Anand Surana,pharmaceuticals,$2.25B,"Bangalore, India",India,,,,,https://specials-images.forbesimg.com/imageserve/f05487ee90eaf9c8ded1b8140ef9a3ae/832x832.jpg?background=000000&cropX1=45&cropX2=699&cropY1=13&cropY2=667,https://www.forbes.com//profile/dilip-anand-surana/?list=india-billionaires
95 ,S.D. Shibulal,67,$1.9B,"software services, Self Made","Bangalore, India",India,Married,2,"Master of Science, Boston University",https://specials-images.forbesimg.com/imageserve/5e76a8df10380d0006fbb6e9/832x832.jpg?background=000000&cropX1=691&cropX2=2982&cropY1=377&cropY2=2666,https://www.forbes.com//profile/sd-shibulal/?list=india-billionaires
96 ,Chandrakant & Rajendra Gogri,"chemicals, Self Made",$2.1B,"Mumbai, India",India,"Bachelor of Science in Engineering, University of Mumbai",,,,https://specials-images.forbesimg.com/imageserve/615b3166f0fc4b8308c57d55/832x832.jpg?background=000000&cropX1=517&cropX2=1893&cropY1=134&cropY2=1511,https://www.forbes.com//profile/chandrakant-rajendra-gogri/?list=india-billionaires
97 ,Deepak Mehta,65,$2.05B,chemicals,"Vadodara, India",India,Married,2,"Bachelor of Science, University of Mumbai",https://specials-images.forbesimg.com/imageserve/602d7f59393a1065d8a2046a/832x832.jpg?background=000000&cropX1=499&cropX2=2549&cropY1=153&cropY2=2204,https://www.forbes.com//profile/deepak-mehta-1/?list=india-billionaires
98 ,Vinod Saraf,70,$2.2B,"chemicals, Self Made","Mumbai, India",India,Married,2,"Master of Business Administration, Birla Institute of Technology and Science (BITS) - Pilani",https://specials-images.forbesimg.com/imageserve/5f7b7155a2e7e6ce8c99bc10/832x832.jpg?background=000000&cropX1=265&cropX2=631&cropY1=72&cropY2=438,https://www.forbes.com//profile/vinod-saraf/?list=india-billionaires
99 ,Bajranglal Taparia,88,$1.95B,plastics,"Mumbai, India",India,,,,https://specials-images.forbesimg.com/imageserve/615b57869354fb2aac06abcf/832x832.jpg?background=000000&cropX1=133&cropX2=992&cropY1=101&cropY2=960,https://www.forbes.com//profile/bajranglal-taparia/?list=india-billionaires
100 ,Yogesh Kothari,73,$1.4B,"specialty chemicals, Self Made","Mumbai, India",India,Married,"Bachelor of Engineering, Mumbai University; Master of Science in Engineering, University of Massachusetts",,https://specials-images.forbesimg.com/imageserve/615e14b94234caafdd878539/832x832.jpg?background=000000&cropX1=0&cropX2=3171&cropY1=90&cropY2=3261,https://www.forbes.com//profile/yogesh-kothari/?list=india-billionaires
